{"cameraMode":{"drawMode":0,"name":"Shaded","section":"Shading Mode"},"sceneLighting":true,"audioPlay":false,"sceneViewState":{"m_AlwaysRefresh":false,"showFog":true,"showSkybox":true,"showFlares":true,"showImageEffects":true,"showParticleSystems":true,"showVisualEffectGraphs":true,"m_FxEnabled":true},"in2DMode":false,"pivot":{"x":0.3099186420440674,"y":1.6019600629806519,"z":-1.9237576723098755},"rotation":{"x":0.3042362630367279,"y":-0.1504974067211151,"z":0.04889470711350441,"w":0.9394831657409668},"size":2.7677500247955324,"orthographic":false}