{"cameraMode":{"drawMode":0,"name":"Shaded","section":"Shading Mode"},"sceneLighting":true,"audioPlay":false,"sceneViewState":{"m_AlwaysRefresh":false,"showFog":true,"showSkybox":true,"showFlares":true,"showImageEffects":true,"showParticleSystems":true,"showVisualEffectGraphs":true,"m_FxEnabled":true},"in2DMode":false,"pivot":{"x":310.0006408691406,"y":1164.983642578125,"z":-90.84211730957031},"rotation":{"x":-0.016794217750430108,"y":0.025756891816854478,"z":-0.00045005264109931886,"w":-0.9995622038841248},"size":224.01011657714845,"orthographic":false}